split,reference,comparison,paired_success_diff,ci95_success_diff,paired_fixture_accuracy_diff,paired_parameter_error_reduction,paired_force_violation_reduction,paired_damage_reduction,paired_repeated_failure_reduction,paired_efficiency_diff,reference_better_seeds,seeds
adhesive_tether_fixture,latent_fixture_inference_v5,adaptive_probe_then_act,-0.05357,0.08261,0.00893,0.03478,-0.05357,-0.01786,-0.05357,-0.04152,1,8
adhesive_tether_fixture,latent_fixture_inference_v5,bayesian_fixture_belief,0.02678,0.10562,0.00000,0.09969,-0.00893,0.03571,0.02678,0.01586,3,8
adhesive_tether_fixture,latent_fixture_inference_v5,calibrated_prototype_system_id,-0.05357,0.09069,0.00893,0.03331,0.00893,-0.02679,-0.05357,-0.04167,1,8
adhesive_tether_fixture,latent_fixture_inference_v5,ensemble_uncertainty_planner,0.11607,0.08340,0.00893,0.16144,-0.02679,0.00000,0.11607,0.07734,6,8
adhesive_tether_fixture,latent_fixture_inference_v5,force_threshold_heuristic,0.36607,0.07215,0.41964,0.40929,0.25893,0.21429,0.36607,0.23896,8,8
adhesive_tether_fixture,latent_fixture_inference_v5,latent_fixture_inference,-0.12500,0.08261,0.00893,-0.05642,-0.06250,-0.02679,-0.12500,-0.09493,1,8
adhesive_tether_fixture,latent_fixture_inference_v5,oracle_fixture,-0.07143,0.07000,0.00000,-0.17151,-0.06250,-0.03571,-0.07143,-0.07215,1,8
adhesive_tether_fixture,latent_fixture_inference_v5,particle_filter_fixture,-0.01786,0.08261,0.00000,0.10849,0.00000,0.02679,-0.01786,-0.01094,3,8
adhesive_tether_fixture,latent_fixture_inference_v5,prototype_system_id,0.04464,0.09141,0.00893,0.08358,-0.02679,0.02679,0.04464,0.02425,3,8
adhesive_tether_fixture,latent_fixture_inference_v5,random_forest_probe_classifier,-0.02679,0.05879,0.00893,0.07673,0.00893,-0.00893,-0.02679,-0.02072,1,8
adhesive_tether_fixture,latent_fixture_inference_v5,robust_impedance_planner,-0.00893,0.09698,0.00893,0.16437,-0.03571,-0.03571,-0.00893,0.00013,2,8
adhesive_tether_fixture,latent_fixture_inference_v5,visible_only_policy,0.48214,0.10500,0.60715,0.41527,0.40178,0.31250,0.48214,0.27689,8,8
combined_fixture_stress,latent_fixture_inference_v5,adaptive_probe_then_act,-0.24107,0.11514,-0.17857,-0.05522,-0.30357,-0.17857,-0.24107,-0.20642,1,8
combined_fixture_stress,latent_fixture_inference_v5,bayesian_fixture_belief,-0.14286,0.05916,-0.11607,0.06112,-0.22321,-0.12500,-0.14286,-0.12746,0,8
combined_fixture_stress,latent_fixture_inference_v5,calibrated_prototype_system_id,-0.23214,0.14908,-0.19643,-0.07049,-0.25893,-0.16071,-0.23214,-0.20669,1,8
combined_fixture_stress,latent_fixture_inference_v5,ensemble_uncertainty_planner,-0.06250,0.11665,-0.19643,0.07156,-0.17857,-0.10714,-0.06250,-0.07568,3,8
combined_fixture_stress,latent_fixture_inference_v5,force_threshold_heuristic,0.17857,0.09165,0.29464,0.34987,0.06250,0.03571,0.17857,0.09481,7,8
combined_fixture_stress,latent_fixture_inference_v5,latent_fixture_inference,-0.08036,0.07216,0.14285,0.03371,-0.10714,-0.05357,-0.08036,-0.08824,1,8
combined_fixture_stress,latent_fixture_inference_v5,oracle_fixture,-0.34821,0.10396,-0.22321,-0.28495,-0.33929,-0.19643,-0.34821,-0.30224,0,8
combined_fixture_stress,latent_fixture_inference_v5,particle_filter_fixture,-0.11607,0.13475,-0.11607,0.04862,-0.20536,-0.08036,-0.11607,-0.11210,2,8
combined_fixture_stress,latent_fixture_inference_v5,prototype_system_id,-0.19643,0.11147,-0.19643,-0.01968,-0.26786,-0.16964,-0.19643,-0.17950,1,8
combined_fixture_stress,latent_fixture_inference_v5,random_forest_probe_classifier,-0.20536,0.12809,-0.16964,-0.00619,-0.25000,-0.12500,-0.20536,-0.18044,1,8
combined_fixture_stress,latent_fixture_inference_v5,robust_impedance_planner,-0.22321,0.08948,-0.17857,0.07668,-0.23214,-0.14286,-0.22321,-0.17380,0,8
combined_fixture_stress,latent_fixture_inference_v5,visible_only_policy,0.37500,0.09447,0.57143,0.42746,0.27679,0.19643,0.37500,0.18605,8,8
hidden_clamp_hinge,latent_fixture_inference_v5,adaptive_probe_then_act,-0.24107,0.08750,-0.23214,-0.08848,-0.17857,-0.12500,-0.24107,-0.20760,0,8
hidden_clamp_hinge,latent_fixture_inference_v5,bayesian_fixture_belief,-0.10714,0.12410,-0.14286,0.02389,-0.08036,-0.10714,-0.10714,-0.10261,2,8
hidden_clamp_hinge,latent_fixture_inference_v5,calibrated_prototype_system_id,-0.17857,0.08775,-0.23214,-0.08926,-0.13393,-0.08929,-0.17857,-0.16892,1,8
hidden_clamp_hinge,latent_fixture_inference_v5,ensemble_uncertainty_planner,-0.13393,0.07685,-0.23214,0.03081,-0.16964,-0.13393,-0.13393,-0.12817,0,8
hidden_clamp_hinge,latent_fixture_inference_v5,force_threshold_heuristic,0.57143,0.06481,0.68750,0.56654,0.50893,0.33928,0.57143,0.39799,8,8
hidden_clamp_hinge,latent_fixture_inference_v5,latent_fixture_inference,-0.04464,0.07910,0.08928,0.00395,0.04464,0.02678,-0.04464,-0.03907,3,8
hidden_clamp_hinge,latent_fixture_inference_v5,oracle_fixture,-0.26785,0.03500,-0.23214,-0.28926,-0.17857,-0.09822,-0.26785,-0.24428,0,8
hidden_clamp_hinge,latent_fixture_inference_v5,particle_filter_fixture,-0.14285,0.04582,-0.19643,0.00860,-0.11607,-0.05357,-0.14285,-0.13271,0,8
hidden_clamp_hinge,latent_fixture_inference_v5,prototype_system_id,-0.18750,0.09141,-0.23214,-0.03926,-0.11607,-0.07143,-0.18750,-0.16946,1,8
hidden_clamp_hinge,latent_fixture_inference_v5,random_forest_probe_classifier,-0.23214,0.07366,-0.22321,-0.03651,-0.12500,-0.08929,-0.23214,-0.19579,0,8
hidden_clamp_hinge,latent_fixture_inference_v5,robust_impedance_planner,-0.25892,0.06447,-0.23214,0.04109,-0.16071,-0.11607,-0.25892,-0.20357,0,8
hidden_clamp_hinge,latent_fixture_inference_v5,visible_only_policy,0.34822,0.09331,0.33929,0.27360,0.26786,0.15178,0.34822,0.20115,8,8
nominal_visible_fixture,latent_fixture_inference_v5,adaptive_probe_then_act,-0.07143,0.07000,-0.10714,-0.02469,-0.06250,-0.05357,-0.07143,-0.06497,1,8
nominal_visible_fixture,latent_fixture_inference_v5,bayesian_fixture_belief,0.02679,0.07454,-0.09822,0.02712,-0.00893,-0.02679,0.02679,0.00217,4,8
nominal_visible_fixture,latent_fixture_inference_v5,calibrated_prototype_system_id,-0.03571,0.07000,-0.10714,-0.02255,0.00000,-0.00893,-0.03571,-0.04261,2,8
nominal_visible_fixture,latent_fixture_inference_v5,ensemble_uncertainty_planner,0.06250,0.07215,-0.10714,0.09835,-0.04464,-0.05357,0.06250,0.03251,5,8
nominal_visible_fixture,latent_fixture_inference_v5,force_threshold_heuristic,0.44643,0.04387,0.42857,0.42209,0.34821,0.24107,0.44643,0.31623,8,8
nominal_visible_fixture,latent_fixture_inference_v5,latent_fixture_inference,0.10714,0.05291,0.16071,0.04013,0.05357,0.07143,0.10714,0.07151,8,8
nominal_visible_fixture,latent_fixture_inference_v5,oracle_fixture,-0.09821,0.06447,-0.10714,-0.22255,-0.06250,-0.05357,-0.09821,-0.10136,0,8
nominal_visible_fixture,latent_fixture_inference_v5,particle_filter_fixture,-0.04464,0.07910,-0.10714,0.05745,0.01786,-0.01786,-0.04464,-0.04015,2,8
nominal_visible_fixture,latent_fixture_inference_v5,prototype_system_id,0.02679,0.10225,-0.10714,0.02745,0.00893,-0.01786,0.02679,0.00114,4,8
nominal_visible_fixture,latent_fixture_inference_v5,random_forest_probe_classifier,-0.07143,0.05292,-0.10714,0.02149,-0.01786,-0.02679,-0.07143,-0.06035,1,8
nominal_visible_fixture,latent_fixture_inference_v5,robust_impedance_planner,-0.02679,0.06447,-0.10714,0.09438,-0.05357,-0.05357,-0.02679,-0.02432,1,8
nominal_visible_fixture,latent_fixture_inference_v5,visible_only_policy,0.31250,0.10562,0.20535,0.16683,0.19643,0.09821,0.31250,0.17927,8,8
slot_axis_shift,latent_fixture_inference_v5,adaptive_probe_then_act,-0.16964,0.12671,-0.05357,-0.00405,-0.16964,-0.14286,-0.16964,-0.14737,1,8
slot_axis_shift,latent_fixture_inference_v5,bayesian_fixture_belief,-0.10714,0.07000,-0.05357,0.07018,-0.09821,-0.10714,-0.10714,-0.10120,0,8
slot_axis_shift,latent_fixture_inference_v5,calibrated_prototype_system_id,-0.08929,0.11147,-0.05357,-0.00342,-0.08929,-0.11607,-0.08929,-0.09749,1,8
slot_axis_shift,latent_fixture_inference_v5,ensemble_uncertainty_planner,-0.00893,0.10395,-0.05357,0.11083,-0.16964,-0.15179,-0.00893,-0.03624,5,8
slot_axis_shift,latent_fixture_inference_v5,force_threshold_heuristic,0.40179,0.12106,0.50893,0.45596,0.25893,0.15178,0.40179,0.25291,8,8
slot_axis_shift,latent_fixture_inference_v5,latent_fixture_inference,0.06250,0.09331,0.24107,0.07453,0.01786,-0.07143,0.06250,0.00441,5,8
slot_axis_shift,latent_fixture_inference_v5,oracle_fixture,-0.22321,0.12532,-0.05357,-0.20342,-0.16964,-0.14286,-0.22321,-0.20052,1,8
slot_axis_shift,latent_fixture_inference_v5,particle_filter_fixture,-0.05357,0.11147,-0.05357,0.07658,-0.10714,-0.11607,-0.05357,-0.06734,3,8
slot_axis_shift,latent_fixture_inference_v5,prototype_system_id,-0.06250,0.15526,-0.05357,0.04658,-0.09822,-0.11607,-0.06250,-0.07588,2,8
slot_axis_shift,latent_fixture_inference_v5,random_forest_probe_classifier,-0.12500,0.07826,-0.05357,0.04377,-0.10714,-0.09821,-0.12500,-0.11491,1,8
slot_axis_shift,latent_fixture_inference_v5,robust_impedance_planner,-0.10714,0.10247,-0.05357,0.12151,-0.16964,-0.16072,-0.10714,-0.09606,2,8
slot_axis_shift,latent_fixture_inference_v5,visible_only_policy,0.40179,0.10225,0.50893,0.35345,0.23214,0.08036,0.40179,0.25190,8,8
